#,tp,v
0,time-18,V3
1,time-18,V3
2,time-18,V3
3,time-18,V3
4,time-18,V3
5,time-18,V3
6,time-18,V3
7,time-18,V3
8,time-18,V3
9,time-18,V3
10,time-18,V3
11,time-18,V3
12,time-18,V3
13,time-18,V3
14,time-18,V3
15,time-18,V3
16,time-18,V3
17,time-18,V3
18,time-18,V3
19,time-18,V3
20,time-18,V3
21,time-18,V3
22,time-18,V3-11*01
23,time-18,V3-11*01
24,time-18,V3-11*01
25,time-18,V3-11*01
26,time-18,V3-11*01
27,time-18,V3-11*01
28,time-18,V3-11*01
29,time-18,V3-11*01
30,time-18,V3-11
31,time-18,V3-15*01
32,time-18,V3-15*01
33,time-18,V3-15*01
34,time-18,V3-15*01
35,time-18,V3-15*01
36,time-18,V3-15*01
37,time-18,V3-20*01
38,time-18,V3-21*01
39,time-18,V3-21*01
40,time-18,V3-21*01
41,time-18,V3-21*01
42,time-18,V3-21*01
43,time-18,V3-21*01
44,time-18,V3-21*01
45,time-18,V3-21*01
46,time-18,V3-21*02
47,time-18,V3-21*02
48,time-18,V3-21*02
49,time-18,V3-23*01
50,time-18,V3-23*02
51,time-18,V3-23*03
52,time-18,V3-23*03
53,time-18,V3-23*03
54,time-18,V3-23*03
55,time-18,V3-23*03
56,time-18,V3-23*03
57,time-18,V3-23*03
58,time-18,V3-23*03
59,time-18,V3-23*03
60,time-18,V3-23*03
61,time-18,V3-23*05
62,time-18,V3-23*05
63,time-18,V3-30*03
64,time-18,V3-30*03
65,time-18,V3-30*03
66,time-18,V3-30*03
67,time-18,V3-30*03
68,time-18,V3-30*03
69,time-18,V3-30*03
70,time-18,V3-30*03
71,time-18,V3-30*03
72,time-18,V3-30*03
73,time-18,V3-30*03
74,time-18,V3-30*03
75,time-18,V3-30*03
76,time-18,V3-30*03
77,time-18,V3-30*03
78,time-18,V3-30*07
79,time-18,V3-30*14
80,time-18,V3-30*15
81,time-18,V3-30*18
82,time-18,V3-30*18
83,time-18,V3-30*18
84,time-18,V3-30*18
85,time-18,V3-30*18
86,time-18,V3-30*18
87,time-18,V3-30*18
88,time-18,V3-30*18
89,time-18,V3-30*18
90,time-18,V3-30*18
91,time-18,V3-30*18
92,time-18,V3-30
93,time-18,V3-30
94,time-18,V3-30
95,time-18,V3-30-3*01
96,time-18,V3-30-3*01
97,time-18,V3-30-3*01
98,time-18,V3-30-3*01
99,time-18,V3-30-3*02
100,time-18,V3-30-3*03
101,time-18,V3-33*01
102,time-18,V3-33*01
103,time-18,V3-33*01
104,time-18,V3-33*01
105,time-18,V3-33*02
106,time-18,V3-33*02
107,time-18,V3-33*02
108,time-18,V3-33*02
109,time-18,V3-33*04
110,time-18,V3-43*02
111,time-18,V3-43*02
112,time-18,V3-43*02
113,time-18,V3-43*02
114,time-18,V3-43*02
115,time-18,V3-48*01
116,time-18,V3-48*01
117,time-18,V3-48*03
118,time-18,V3-48*03
119,time-18,V3-48*03
120,time-18,V3-48*03
121,time-18,V3-48*03
122,time-18,V3-48*03
123,time-18,V3-48*03
124,time-18,V3-48*03
125,time-18,V3-48*03
126,time-18,V3-48*03
127,time-18,V3-48*03
128,time-18,V3-48*03
129,time-18,V3-48*03
130,time-18,V3-48*03
131,time-18,V3-49*01
132,time-18,V3-49*02
133,time-18,V3-49*02
134,time-18,V3-49*02
135,time-18,V3-49*03
136,time-18,V3-49*04
137,time-18,V3-49*04
138,time-18,V3-49*04
139,time-18,V3-49*04
140,time-18,V3-53*02
141,time-18,V3-53*02
142,time-18,V3-64*01
143,time-18,V3-66*02
144,time-18,V3-66*02
145,time-18,V3-66*02
146,time-18,V3-7*01
147,time-18,V3-7*01
148,time-18,V3-7*01
149,time-18,V3-7*01
150,time-18,V3-7*01
151,time-18,V3-7*01
152,time-18,V3-7*01
153,time-18,V3-7*02
154,time-18,V3-7*03
155,time-18,V3-7*03
156,time-18,V3-7*03
157,time-18,V3-7*03
158,time-18,V3-7*03
159,time-18,V3-7*03
160,time-18,V3-7*03
161,time-18,V3-7*03
162,time-18,V3-7*03
163,time-18,V3-7*03
164,time-18,V3-7*03
165,time-18,V3-7*03
166,time-18,V3-7*03
167,time-18,V3-72*01
168,time-18,V3-72*01
169,time-18,V3-72*01
170,time-18,V3-72*01
171,time-18,V3-74*01
172,time-18,V3-74*01
173,time-18,V3-74*01
174,time-18,V3-74*02
175,time-18,V3-74*03
176,time-18,V3-74*03
177,time-18,V3-74*03
178,time-18,V3-74*03
179,time-18,V3-74*03
180,time-18,V3-74*03
181,time-18,V3-74*03
182,time-18,V3-9*01
183,time-18,V3-9*01
184,time-18,V3-9*01
185,time-18,V3-9*01
186,time-18,V3-9*01
187,time-18,V3-9*01
188,time-18,V3-9*01
189,time-18,V3-9*01
190,time-18,V3-9*01
191,time-18,V3-9*01
192,time-18,V3-9*01
193,time-18,V3-9*01
194,time-18,V3-9*01
195,time-18,V3-9*01
196,time-18,V3-NL1*01
197,time-18,V3-NL1*01
198,time-18,V3-NL1*01
199,time-18,V3/OR16-13*01
200,time-1,V3
201,time-1,V3
202,time-1,V3
203,time-1,V3
204,time-1,V3
205,time-1,V3
206,time-1,V3
207,time-1,V3-11*04
208,time-1,V3-11*05
209,time-1,V3-15*01
210,time-1,V3-15*01
211,time-1,V3-15*01
212,time-1,V3-15*01
213,time-1,V3-15*01
214,time-1,V3-15*05
215,time-1,V3-20*01
216,time-1,V3-21*01
217,time-1,V3-21*01
218,time-1,V3-21*01
219,time-1,V3-21*01
220,time-1,V3-21*01
221,time-1,V3-23*01
222,time-1,V3-23*01
223,time-1,V3-23*01
224,time-1,V3-23*01
225,time-1,V3-23*05
226,time-1,V3-23*05
227,time-1,V3-30*03
228,time-1,V3-30*18
229,time-1,V3-30*18
230,time-1,V3-30
231,time-1,V3-30
232,time-1,V3-30-3*01
233,time-1,V3-30-3*01
234,time-1,V3-30-3*01
235,time-1,V3-30-3*01
236,time-1,V3-30-3*02
237,time-1,V3-33*01
238,time-1,V3-33*04
239,time-1,V3-48*01
240,time-1,V3-48*01
241,time-1,V3-48*01
242,time-1,V3-48*04
243,time-1,V3-49*03
244,time-1,V3-49*03
245,time-1,V3-49*03
246,time-1,V3-49*03
247,time-1,V3-49*03
248,time-1,V3-53*01
249,time-1,V3-53*01
250,time-1,V3-53*03
251,time-1,V3-64D*06
252,time-1,V3-64D*06
253,time-1,V3-64D*06
254,time-1,V3-66*01
255,time-1,V3-7*01
256,time-1,V3-7*01
257,time-1,V3-7*01
258,time-1,V3-7*02
259,time-1,V3-7*02
260,time-1,V3-72*01
261,time-1,V3-74*01
262,time-1,V3-74*01
263,time-1,V3-74*01
264,time-1,V3-74*01
265,time-1,V3-74*01
266,time-1,V3-74*01
267,time-1,V3-74*01
268,time-1,V3-74*01
269,time-1,V3-74*01
270,time-1,V3-74*01
271,time-1,V3-74*01
272,time-1,V3-74*02
273,time-1,V3-74*02
274,time-1,V3-74*02
275,time-1,V3-74*03
276,time-1,V3-74*03
277,time-1,V3-74*03
278,time-1,V3-74*03
279,time-1,V3-74*03
280,time-1,V3-74*03
281,time-1,V3-74*03
282,time-1,V3-74*03
283,time-1,V3-74*03
284,time-1,V3-9*03
285,time-1,V3-9*03
286,time-1,V3-NL1*01
287,time-1,V3-NL1*01
288,time-1,V3/OR16-13*01
289,time-27,V3
290,time-27,V3
291,time-27,V3
292,time-27,V3
293,time-27,V3
294,time-27,V3
295,time-27,V3
296,time-27,V3
297,time-27,V3
298,time-27,V3
299,time-27,V3
300,time-27,V3
301,time-27,V3
302,time-27,V3
303,time-27,V3
304,time-27,V3
305,time-27,V3
306,time-27,V3
307,time-27,V3
308,time-27,V3
309,time-27,V3
310,time-27,V3
311,time-27,V3
312,time-27,V3
313,time-27,V3
314,time-27,V3
315,time-27,V3
316,time-27,V3-11*01
317,time-27,V3-11*01
318,time-27,V3-11*01
319,time-27,V3-11*01
320,time-27,V3-11*01
321,time-27,V3-11*01
322,time-27,V3-11*01
323,time-27,V3-11*01
324,time-27,V3-11*01
325,time-27,V3-11*01
326,time-27,V3-11*01
327,time-27,V3-11*01
328,time-27,V3-11*01
329,time-27,V3-11*01
330,time-27,V3-11*01
331,time-27,V3-11*05
332,time-27,V3-11*05
333,time-27,V3-11*05
334,time-27,V3-11*05
335,time-27,V3-11*05
336,time-27,V3-11*06
337,time-27,V3-11
338,time-27,V3-13*01
339,time-27,V3-15*01
340,time-27,V3-15*01
341,time-27,V3-15*01
342,time-27,V3-15*01
343,time-27,V3-15*01
344,time-27,V3-15*01
345,time-27,V3-15*01
346,time-27,V3-15*01
347,time-27,V3-15*01
348,time-27,V3-15*01
349,time-27,V3-15*01
350,time-27,V3-15*01
351,time-27,V3-15*02
352,time-27,V3-15*05
353,time-27,V3-15*07
354,time-27,V3-15*07
355,time-27,V3-15*07
356,time-27,V3-15*07
357,time-27,V3-20*01
358,time-27,V3-20*01
359,time-27,V3-21*01
360,time-27,V3-21*01
361,time-27,V3-21*01
362,time-27,V3-21*01
363,time-27,V3-21*01
364,time-27,V3-21*01
365,time-27,V3-21*01
366,time-27,V3-21*01
367,time-27,V3-21*01
368,time-27,V3-21*01
369,time-27,V3-21*01
370,time-27,V3-21*01
371,time-27,V3-21*01
372,time-27,V3-21*01
373,time-27,V3-21*01
374,time-27,V3-21*01
375,time-27,V3-21*01
376,time-27,V3-21*01
377,time-27,V3-21*01
378,time-27,V3-21*01
379,time-27,V3-21*01
380,time-27,V3-21*01
381,time-27,V3-21*01
382,time-27,V3-21*01
383,time-27,V3-21*02
384,time-27,V3-21*02
385,time-27,V3-21*02
386,time-27,V3-21*02
387,time-27,V3-21*02
388,time-27,V3-21*02
389,time-27,V3-23*01
390,time-27,V3-23*01
391,time-27,V3-23*01
392,time-27,V3-23*01
393,time-27,V3-23*01
394,time-27,V3-23*01
395,time-27,V3-23*01
396,time-27,V3-23*01
397,time-27,V3-23*01
398,time-27,V3-23*01
399,time-27,V3-23*01
400,time-27,V3-23*01
401,time-27,V3-23*01
402,time-27,V3-23*01
403,time-27,V3-23*01
404,time-27,V3-23*01
405,time-27,V3-23*01
406,time-27,V3-23*01
407,time-27,V3-23*01
408,time-27,V3-23*01
409,time-27,V3-23*01
410,time-27,V3-23*01
411,time-27,V3-23*01
412,time-27,V3-23*01
413,time-27,V3-23*01
414,time-27,V3-23*01
415,time-27,V3-23*01
416,time-27,V3-23*01
417,time-27,V3-23*01
418,time-27,V3-23*01
419,time-27,V3-23*01
420,time-27,V3-23*01
421,time-27,V3-23*01
422,time-27,V3-23*04
423,time-27,V3-23*04
424,time-27,V3-23*04
425,time-27,V3-23*04
426,time-27,V3-23*04
427,time-27,V3-23*05
428,time-27,V3-23*05
429,time-27,V3-23*05
430,time-27,V3-23*05
431,time-27,V3-23*05
432,time-27,V3-23*05
433,time-27,V3-23*05
434,time-27,V3-23*05
435,time-27,V3-23*05
436,time-27,V3-23*05
437,time-27,V3-23*05
438,time-27,V3-23*05
439,time-27,V3-23*05
440,time-27,V3-23*05
441,time-27,V3-23*05
442,time-27,V3-23*05
443,time-27,V3-30*02
444,time-27,V3-30*02
445,time-27,V3-30*03
446,time-27,V3-30*10
447,time-27,V3-30*10
448,time-27,V3-30*18
449,time-27,V3-30*18
450,time-27,V3-30*18
451,time-27,V3-30*18
452,time-27,V3-30*18
453,time-27,V3-30*18
454,time-27,V3-30*18
455,time-27,V3-30*18
456,time-27,V3-30*18
457,time-27,V3-30*18
458,time-27,V3-30*18
459,time-27,V3-30*18
460,time-27,V3-30*18
461,time-27,V3-30*18
462,time-27,V3-30*18
463,time-27,V3-30*18
464,time-27,V3-30*18
465,time-27,V3-30*19
466,time-27,V3-30
467,time-27,V3-30
468,time-27,V3-30
469,time-27,V3-30-3*01
470,time-27,V3-30-3*01
471,time-27,V3-30-3*01
472,time-27,V3-30-3*01
473,time-27,V3-30-3*01
474,time-27,V3-30-3*01
475,time-27,V3-30-3*01
476,time-27,V3-30-3*01
477,time-27,V3-30-3*01
478,time-27,V3-33*01
479,time-27,V3-33*01
480,time-27,V3-33*01
481,time-27,V3-33*01
482,time-27,V3-33*01
483,time-27,V3-33*01
484,time-27,V3-33*01
485,time-27,V3-33*01
486,time-27,V3-33*01
487,time-27,V3-33*01
488,time-27,V3-33*01
489,time-27,V3-33*02
490,time-27,V3-33*02
491,time-27,V3-33*04
492,time-27,V3-33*05
493,time-27,V3-33*05
494,time-27,V3-33*06
495,time-27,V3-43*01
496,time-27,V3-43*01
497,time-27,V3-48*02
498,time-27,V3-48*02
499,time-27,V3-48*02
500,time-27,V3-48*02
501,time-27,V3-48*02
502,time-27,V3-48*02
503,time-27,V3-48*02
504,time-27,V3-48*02
505,time-27,V3-48*02
506,time-27,V3-48*02
507,time-27,V3-48*03
508,time-27,V3-48*03
509,time-27,V3-48*03
510,time-27,V3-48*03
511,time-27,V3-49*05
512,time-27,V3-49*05
513,time-27,V3-49*05
514,time-27,V3-53*01
515,time-27,V3-53*01
516,time-27,V3-53*01
517,time-27,V3-53*01
518,time-27,V3-53*01
519,time-27,V3-53*01
520,time-27,V3-53*01
521,time-27,V3-53*01
522,time-27,V3-53*01
523,time-27,V3-53*01
524,time-27,V3-53*01
525,time-27,V3-53*01
526,time-27,V3-53*01
527,time-27,V3-53*01
528,time-27,V3-53*01
529,time-27,V3-53*01
530,time-27,V3-53*01
531,time-27,V3-53*01
532,time-27,V3-53*01
533,time-27,V3-53*02
534,time-27,V3-53*03
535,time-27,V3-53*03
536,time-27,V3-7*01
537,time-27,V3-7*01
538,time-27,V3-7*01
539,time-27,V3-7*01
540,time-27,V3-7*01
541,time-27,V3-7*01
542,time-27,V3-7*01
543,time-27,V3-7*01
544,time-27,V3-7*01
545,time-27,V3-7*01
546,time-27,V3-73*01
547,time-27,V3-73*01
548,time-27,V3-73*02
549,time-27,V3-74*01
550,time-27,V3-74*01
551,time-27,V3-74*03
552,time-27,V3-74*03
553,time-27,V3-74*03
554,time-27,V3-74*03
555,time-27,V3-9*01
556,time-27,V3-9*01
557,time-27,V3-9*01
558,time-27,V3-9*01
559,time-27,V3-9*01
560,time-27,V3-9*01
561,time-27,V3-9*01
562,time-27,V3-9*01
563,time-27,V3-9*01
564,time-27,V3-9*01
565,time-27,V3-9*01
566,time-27,V3-9*01
567,time-27,V3-9*01
568,time-27,V3-9*01
569,time-27,V3-9*01
570,time-27,V3-9*01
571,time-27,V3-9*01
572,time-27,V3-9*01
573,time-27,V3-9*01
574,time-27,V3-9*01
575,time-27,V3-9*01
576,time-27,V3-9*01
577,time-27,V3-9*01
578,time-27,V3-9*01
579,time-27,V3-9*01
580,time-27,V3-9*01
581,time-27,V3-9*01
582,time-27,V3-9*01
583,time-27,V3-9*01
584,time-27,V3-9*01
585,time-27,V3-9*01
586,time-27,V3-9*01
587,time-27,V3-9*01
588,time-27,V3-9*01
589,time-27,V3-9*01
590,time-27,V3-9*01
591,time-27,V3-9*01
592,time-27,V3-9*01
593,time-27,V3-9*01
594,time-9,V3
595,time-9,V3
596,time-9,V3
597,time-9,V3
598,time-9,V3
599,time-9,V3
600,time-9,V3
601,time-9,V3
602,time-9,V3
603,time-9,V3
604,time-9,V3
605,time-9,V3
606,time-9,V3
607,time-9,V3
608,time-9,V3
609,time-9,V3
610,time-9,V3
611,time-9,V3
612,time-9,V3-11*01
613,time-9,V3-11*01
614,time-9,V3-11*01
615,time-9,V3-11*04
616,time-9,V3-11*04
617,time-9,V3-11*04
618,time-9,V3-11*04
619,time-9,V3-11*04
620,time-9,V3-11*04
621,time-9,V3-11*05
622,time-9,V3-11*05
623,time-9,V3-11*06
624,time-9,V3-11
625,time-9,V3-13*01
626,time-9,V3-13*01
627,time-9,V3-13*01
628,time-9,V3-15*01
629,time-9,V3-15*01
630,time-9,V3-15*01
631,time-9,V3-15*01
632,time-9,V3-15*01
633,time-9,V3-15*01
634,time-9,V3-15*01
635,time-9,V3-15*01
636,time-9,V3-15*01
637,time-9,V3-15*01
638,time-9,V3-15*01
639,time-9,V3-15*01
640,time-9,V3-15*01
641,time-9,V3-15*05
642,time-9,V3-15*06
643,time-9,V3-15*07
644,time-9,V3-15*07
645,time-9,V3-15*07
646,time-9,V3-21*01
647,time-9,V3-21*01
648,time-9,V3-21*01
649,time-9,V3-21*01
650,time-9,V3-21*01
651,time-9,V3-21*01
652,time-9,V3-21*01
653,time-9,V3-21*01
654,time-9,V3-21*01
655,time-9,V3-21*01
656,time-9,V3-21*01
657,time-9,V3-21*01
658,time-9,V3-21*01
659,time-9,V3-21*01
660,time-9,V3-21*01
661,time-9,V3-21*01
662,time-9,V3-21*01
663,time-9,V3-21*01
664,time-9,V3-21*01
665,time-9,V3-21*02
666,time-9,V3-21*02
667,time-9,V3-21*02
668,time-9,V3-21*02
669,time-9,V3-23*01
670,time-9,V3-23*01
671,time-9,V3-23*01
672,time-9,V3-23*01
673,time-9,V3-23*01
674,time-9,V3-23*01
675,time-9,V3-23*01
676,time-9,V3-23*01
677,time-9,V3-23*01
678,time-9,V3-23*01
679,time-9,V3-23*01
680,time-9,V3-23*01
681,time-9,V3-23*01
682,time-9,V3-23*01
683,time-9,V3-23*01
684,time-9,V3-23*01
685,time-9,V3-23*01
686,time-9,V3-23*01
687,time-9,V3-23*01
688,time-9,V3-23*01
689,time-9,V3-23*01
690,time-9,V3-23*01
691,time-9,V3-23*01
692,time-9,V3-23*01
693,time-9,V3-23*01
694,time-9,V3-23*01
695,time-9,V3-23*02
696,time-9,V3-23*04
697,time-9,V3-23*04
698,time-9,V3-23*04
699,time-9,V3-23*04
700,time-9,V3-23*04
701,time-9,V3-23*04
702,time-9,V3-23*04
703,time-9,V3-23*04
704,time-9,V3-23*04
705,time-9,V3-23*04
706,time-9,V3-23*04
707,time-9,V3-23*04
708,time-9,V3-23*04
709,time-9,V3-23*04
710,time-9,V3-23*04
711,time-9,V3-23*04
712,time-9,V3-23*04
713,time-9,V3-23*04
714,time-9,V3-23*04
715,time-9,V3-23*04
716,time-9,V3-23*04
717,time-9,V3-23*04
718,time-9,V3-23*04
719,time-9,V3-23*05
720,time-9,V3-23*05
721,time-9,V3-23*05
722,time-9,V3-23*05
723,time-9,V3-23*05
724,time-9,V3-23*05
725,time-9,V3-23*05
726,time-9,V3-23*05
727,time-9,V3-23*05
728,time-9,V3-23*05
729,time-9,V3-23*05
730,time-9,V3-23*05
731,time-9,V3-23*05
732,time-9,V3-23*05
733,time-9,V3-23*05
734,time-9,V3-23*05
735,time-9,V3-23*05
736,time-9,V3-23*05
737,time-9,V3-23*05
738,time-9,V3-23*05
739,time-9,V3-23*05
740,time-9,V3-23*05
741,time-9,V3-23*05
742,time-9,V3-23*05
743,time-9,V3-23*05
744,time-9,V3-23*05
745,time-9,V3-23*05
746,time-9,V3-30*03
747,time-9,V3-30*03
748,time-9,V3-30*03
749,time-9,V3-30*03
750,time-9,V3-30*18
751,time-9,V3-30*18
752,time-9,V3-30*18
753,time-9,V3-30*18
754,time-9,V3-30*18
755,time-9,V3-30*18
756,time-9,V3-30*18
757,time-9,V3-30*18
758,time-9,V3-30*18
759,time-9,V3-30*18
760,time-9,V3-30*18
761,time-9,V3-30*18
762,time-9,V3-30*18
763,time-9,V3-30*18
764,time-9,V3-30*18
765,time-9,V3-30*18
766,time-9,V3-30*18
767,time-9,V3-30*18
768,time-9,V3-30
769,time-9,V3-30
770,time-9,V3-30
771,time-9,V3-30-3*01
772,time-9,V3-30-3*01
773,time-9,V3-30-3*01
774,time-9,V3-30-3*01
775,time-9,V3-30-3*01
776,time-9,V3-30-3*01
777,time-9,V3-30-3*01
778,time-9,V3-30-3*02
779,time-9,V3-33*01
780,time-9,V3-33*01
781,time-9,V3-33*01
782,time-9,V3-33*01
783,time-9,V3-33*01
784,time-9,V3-33*01
785,time-9,V3-33*01
786,time-9,V3-33*01
787,time-9,V3-33*01
788,time-9,V3-33*02
789,time-9,V3-33*02
790,time-9,V3-33*02
791,time-9,V3-33*02
792,time-9,V3-33*02
793,time-9,V3-33*03
794,time-9,V3-33*04
795,time-9,V3-33*05
796,time-9,V3-33*06
797,time-9,V3-33*06
798,time-9,V3-38-3*01
799,time-9,V3-43*01
800,time-9,V3-43*01
801,time-9,V3-43*01
802,time-9,V3-43*01
803,time-9,V3-43*01
804,time-9,V3-43D*01
805,time-9,V3-48*02
806,time-9,V3-48*02
807,time-9,V3-48*02
808,time-9,V3-48*02
809,time-9,V3-48*02
810,time-9,V3-48*02
811,time-9,V3-48*02
812,time-9,V3-48*02
813,time-9,V3-48*02
814,time-9,V3-48*02
815,time-9,V3-48*02
816,time-9,V3-48*02
817,time-9,V3-48*02
818,time-9,V3-48*02
819,time-9,V3-48*02
820,time-9,V3-48*02
821,time-9,V3-48*02
822,time-9,V3-48*02
823,time-9,V3-48*02
824,time-9,V3-48*02
825,time-9,V3-48*02
826,time-9,V3-48*02
827,time-9,V3-48*02
828,time-9,V3-48*02
829,time-9,V3-48*02
830,time-9,V3-48*02
831,time-9,V3-48*02
832,time-9,V3-48*03
833,time-9,V3-48*03
834,time-9,V3-48*03
835,time-9,V3-48*03
836,time-9,V3-48*03
837,time-9,V3-48*03
838,time-9,V3-48*03
839,time-9,V3-48*03
840,time-9,V3-48*03
841,time-9,V3-48*03
842,time-9,V3-48*03
843,time-9,V3-48*03
844,time-9,V3-48*03
845,time-9,V3-48*04
846,time-9,V3-48*04
847,time-9,V3-48*04
848,time-9,V3-49*03
849,time-9,V3-49*03
850,time-9,V3-49*03
851,time-9,V3-49*04
852,time-9,V3-49*04
853,time-9,V3-49*04
854,time-9,V3-49*04
855,time-9,V3-49*04
856,time-9,V3-49*04
857,time-9,V3-49*04
858,time-9,V3-49*04
859,time-9,V3-53*01
860,time-9,V3-53*01
861,time-9,V3-53*01
862,time-9,V3-53*01
863,time-9,V3-53*01
864,time-9,V3-53*01
865,time-9,V3-53*01
866,time-9,V3-53*01
867,time-9,V3-53*01
868,time-9,V3-53*01
869,time-9,V3-53*01
870,time-9,V3-53*01
871,time-9,V3-53*01
872,time-9,V3-53*01
873,time-9,V3-53*01
874,time-9,V3-53*01
875,time-9,V3-53*01
876,time-9,V3-53*02
877,time-9,V3-53*02
878,time-9,V3-53*03
879,time-9,V3-53*03
880,time-9,V3-64*01
881,time-9,V3-64*01
882,time-9,V3-64
883,time-9,V3-64
884,time-9,V3-7*01
885,time-9,V3-7*01
886,time-9,V3-7*01
887,time-9,V3-7*01
888,time-9,V3-7*01
889,time-9,V3-7*01
890,time-9,V3-7*01
891,time-9,V3-7*01
892,time-9,V3-7*01
893,time-9,V3-7*01
894,time-9,V3-7*01
895,time-9,V3-7*01
896,time-9,V3-7*01
897,time-9,V3-7*01
898,time-9,V3-7*01
899,time-9,V3-7*01
900,time-9,V3-7*01
901,time-9,V3-7*01
902,time-9,V3-7*01
903,time-9,V3-7*01
904,time-9,V3-7*01
905,time-9,V3-7*01
906,time-9,V3-7*01
907,time-9,V3-7*01
908,time-9,V3-7*01
909,time-9,V3-7*01
910,time-9,V3-7*01
911,time-9,V3-7*01
912,time-9,V3-7*01
913,time-9,V3-7*01
914,time-9,V3-7*01
915,time-9,V3-7*01
916,time-9,V3-7*01
917,time-9,V3-7*01
918,time-9,V3-7*01
919,time-9,V3-7*01
920,time-9,V3-7*01
921,time-9,V3-7*01
922,time-9,V3-7*01
923,time-9,V3-7*01
924,time-9,V3-7*01
925,time-9,V3-7*01
926,time-9,V3-7*01
927,time-9,V3-7*01
928,time-9,V3-7*01
929,time-9,V3-7*01
930,time-9,V3-7*01
931,time-9,V3-7*01
932,time-9,V3-7*01
933,time-9,V3-7*01
934,time-9,V3-7*01
935,time-9,V3-7*01
936,time-9,V3-7*01
937,time-9,V3-7*01
938,time-9,V3-7*01
939,time-9,V3-7*01
940,time-9,V3-7*01
941,time-9,V3-7*01
942,time-9,V3-7*01
943,time-9,V3-7*01
944,time-9,V3-7*01
945,time-9,V3-7*01
946,time-9,V3-7*01
947,time-9,V3-7*01
948,time-9,V3-7*01
949,time-9,V3-7*01
950,time-9,V3-7*01
951,time-9,V3-7*01
952,time-9,V3-7*01
953,time-9,V3-7*01
954,time-9,V3-7*01
955,time-9,V3-7*01
956,time-9,V3-7*01
957,time-9,V3-7*01
958,time-9,V3-7*01
959,time-9,V3-72*01
960,time-9,V3-72*01
961,time-9,V3-72*01
962,time-9,V3-72*01
963,time-9,V3-72*01
964,time-9,V3-72*01
965,time-9,V3-72*01
966,time-9,V3-72*01
967,time-9,V3-72*01
968,time-9,V3-73*01
969,time-9,V3-73*01
970,time-9,V3-74*01
971,time-9,V3-74*01
972,time-9,V3-74*01
973,time-9,V3-74*01
974,time-9,V3-74*01
975,time-9,V3-74*01
976,time-9,V3-74*01
977,time-9,V3-74*01
978,time-9,V3-74*01
979,time-9,V3-74*01
980,time-9,V3-74*01
981,time-9,V3-74*01
982,time-9,V3-74*01
983,time-9,V3-74*01
984,time-9,V3-74*01
985,time-9,V3-74*01
986,time-9,V3-74*01
987,time-9,V3-74*01
988,time-9,V3-74*01
989,time-9,V3-74*01
990,time-9,V3-74*01
991,time-9,V3-74*01
992,time-9,V3-74*01
993,time-9,V3-74*01
994,time-9,V3-74*01
995,time-9,V3-74*01
996,time-9,V3-74*01
997,time-9,V3-74*01
998,time-9,V3-74*01
999,time-9,V3-74*01
1000,time-9,V3-74*01
1001,time-9,V3-74*01
1002,time-9,V3-74*02
1003,time-9,V3-74*02
1004,time-9,V3-74*02
1005,time-9,V3-74*02
1006,time-9,V3-74*02
1007,time-9,V3-74*02
1008,time-9,V3-74*02
1009,time-9,V3-74*02
1010,time-9,V3-74*02
1011,time-9,V3-74*02
1012,time-9,V3-74*02
1013,time-9,V3-74*02
1014,time-9,V3-74*02
1015,time-9,V3-74*02
1016,time-9,V3-74*02
1017,time-9,V3-74*03
1018,time-9,V3-74*03
1019,time-9,V3-74*03
1020,time-9,V3-74*03
1021,time-9,V3-74*03
1022,time-9,V3-74*03
1023,time-9,V3-74*03
1024,time-9,V3-74*03
1025,time-9,V3-74*03
1026,time-9,V3-74*03
1027,time-9,V3-74*03
1028,time-9,V3-74*03
1029,time-9,V3-74*03
1030,time-9,V3-74*03
1031,time-9,V3-74*03
1032,time-9,V3-74*03
1033,time-9,V3-74*03
1034,time-9,V3-74*03
1035,time-9,V3-74*03
1036,time-9,V3-74*03
1037,time-9,V3-74*03
1038,time-9,V3-74*03
1039,time-9,V3-74*03
1040,time-9,V3-74*03
1041,time-9,V3-74*03
1042,time-9,V3-74*03
1043,time-9,V3-9*01
1044,time-9,V3-9*01
1045,time-9,V3-9*01
1046,time-9,V3-9*01
1047,time-9,V3-9*01
1048,time-9,V3-9*01
1049,time-9,V3-9*01
1050,time-9,V3-9*01
1051,time-9,V3-9*01
1052,time-9,V3-9*01
1053,time-9,V3-9*01
1054,time-9,V3-9*01
1055,time-9,V3-9*01
1056,time-9,V3-9*02
1057,time-9,V3-9*03
1058,time-9,V3-9*03
1059,time-9,V3-NL1*01
1060,time-9,V3/OR16-13*01
1061,time-9,V3/OR16-9*01
